id_intervenant,mot_de_passe
1,BxBgqMAwSnts
2,VSx3cbZ#gZmP
3,AcwPinP38C@0
4,wIiXPxTbsWhB
5,S42#op6371X#
6,DWf$e55KfgPt
7,7QGOy8Zgq!oD
8,xson$GHixeRG
9,%S6Ab2z!JEjn
10,4!Ej@hitUwmQ
11,eSCKp1xXd7!j
12,lAOz3WbROJAA
13,xqv7fqJoHSTN
14,zbiAUN0zsjI2
15,V0J6r#pmS$1E
16,@pKpKk6C9Xz0
17,C5iU1QK4ILbF
18,b0VqGX1JRnnm
19,6AlUcVdSct8j
20,Uv7#O9hCcY3D
21,ohi7ZB%A@Vs$
22,YmkavG8p37tc
23,VUdnS0omM#pi
24,Eql$$NLTFF07
25,gB5vn6rn#tsw
26,0p0bDtoWuLdZ
27,o@MfX1MkBHo1
28,Q!Ar#mYMIHCV
29,k29XT3Q5ogNh
30,uWPZCmVeOU9D
31,%!bV0naTFUVM
32,AhOx@p%SglBG
33,I2VZlKmkYCGQ
34,eOttKKh!gYkr
35,RcBa91Qjwk4r
36,W53p4OjoTopY
37,NoBm1PrptJ80
38,e3Wz@@3X$9nv
39,PzbSuSW%X57T
40,s9YPl!DHS0fG
41,iGWFB3ix06X!
42,pDxnN#teTu!Q
43,!t5TMmFtBzSp
44,uyvVPUnLHoFT
45,cwGLKGqH!jId
46,KJ$tXuqluHNg
47,2UD95VSB#ISD
48,jojManpyVNTs
49,hisd0s%j3xlT
50,@zn1r!yk!dlr
51,MGQCItt2c!Ov
52,l%uenoMMd1et
53,x%kaViBYD0SQ
54,CSYbEHgVQ%T6
55,E1wztBG59CQx
56,EH%GcxNDiM$Q
57,AeFlk#F4Bf1r
58,VTijXr1DRAWK
59,i8bg@eWi2usi
60,Au@CORrrsOfy
61,ErE6VVpIsjxS
62,gpNPxpJ%4Hlk
63,CcjN#xuQnL96
64,S!7eys8d4ZgK
65,ufwZBcdC2@i7
66,dxRbvMfRHV8G
67,OvTs126GQ!Du
68,7$KvOEZuRKma
69,S9o@$Wa@ZI@7
70,hlO@9hsdJ4gk
71,JgEZfGy#n2Th
72,j!9tLO##RzB5
73,MqFJMwp8MFfc
74,$R8ZiuoHKXNG
75,xHqh30YaH@!C
76,XTfcu@DDpt%3
77,O7IxdInQQgdL
78,M7hQnJB%!iem
79,g8FKzUE3PYiR
80,gTL1B0E8kp23
81,81#G1blyxhtx
82,IOIfh6h3n8yG
83,hjaI74q2@FZE
84,0flqFh8ZcXjY
85,7nAF!OpQMcC$
86,0ZyGelI5AU3A
87,53OBc0Ml686W
88,#ZjDLD63BMCk
89,RYc1S2HlWCYM
90,z3h@gBYiRU9G
91,G0udrP$cJR@P
92,v@!L1smg674c
93,LT3gjbMvUBWJ
94,sT$dVYZtNFAw
95,dpkdyHc!hdLQ
96,BUPRB8Od4K#T
97,CCOtR43wxv8T
98,SBOC9UhD@gid
99,mPfT!Xin1cwI
100,ftPg7KCcTFUa
101,FLMHbcUN1wIw
102,oum8$yN4#F0X
103,U#H74CKcLMYe
104,f6K%yV7V6lY#
105,DyjoFQ2$NeL%
106,TjobsXo53hwi
107,7F@B5RcbCBjF
108,NQw%mxHyCvhS
109,erzdu8PHxOoa
110,fMXGXx1@eEJI
111,zkiGxEWLpXO@
112,ah0!XpGgodUV
113,QXsxA#b@E5y!
114,fjeqyX7C3WuU
115,gSisJuedEWsl
116,frReoDKxy5o3
117,zj%vjvW0tW$m
118,Xa8NfdyQb2YL
119,KquXVnfHKMLF
120,mxYRGop1UJD9
121,IsHZ@lqh3JAP
122,XyI5dHxU#yHz
123,WRaoaaQJ8#di
124,3D9w781IOYEO
125,7tzque10xyTh
126,Vmer6GG6Vohd
127,8DmduiuSqlSp
128,VV2EgPK4K27B
129,b48H9$u$IhqU
130,UmLj6#1JY9Y9
131,TkpfZkt4t2mD
132,s4LNVXBbav9s
133,quroitBQ5xgK
134,gQs2jneQ8ZAf
135,w8@MN1Aj1u6x
136,Ph1f#Er$KFv%
137,OvHFR1C7ip$m
138,DvF1@!UzVjwC
139,Fql#%30EV0Up
140,GT7TItKXfGXO
