id_intervenant,document
1,TN_1_Attestation_scolarite.pdf
1,TN_1_Portfolio.pdf
2,TN_2_Attestation_scolarite.pdf
3,TN_3_Attestation_scolarite.pdf
3,TN_3_Portfolio.pdf
3,TN_3_Carte_etudiant.pdf
4,TN_4_CV.pdf
4,TN_4_Portfolio.pdf
4,TN_4_Carte_etudiant.pdf
5,TN_5_Convention_stage.pdf
5,TN_5_Attestation_scolarite.pdf
6,TN_6_CV.pdf
6,TN_6_Carte_etudiant.pdf
7,TN_7_Convention_stage.pdf
7,TN_7_Attestation_scolarite.pdf
8,TN_8_CV.pdf
9,TN_9_Attestation_scolarite.pdf
9,TN_9_Convention_stage.pdf
9,TN_9_Carte_etudiant.pdf
10,TN_10_Convention_stage.pdf
10,TN_10_Attestation_scolarite.pdf
10,TN_10_CV.pdf
11,TN_11_Convention_stage.pdf
11,TN_11_CV.pdf
12,TN_12_Convention_stage.pdf
13,TN_13_Carte_etudiant.pdf
14,TN_14_Portfolio.pdf
14,TN_14_Convention_stage.pdf
15,TN_15_Carte_etudiant.pdf
16,TN_16_Attestation_scolarite.pdf
16,TN_16_Portfolio.pdf
17,TN_17_CV.pdf
17,TN_17_Attestation_scolarite.pdf
18,TN_18_Carte_etudiant.pdf
19,TN_19_CV.pdf
20,TN_20_Attestation_scolarite.pdf
20,TN_20_Convention_stage.pdf
21,TN_21_Carte_etudiant.pdf
21,TN_21_Portfolio.pdf
21,TN_21_Convention_stage.pdf
22,TN_22_CV.pdf
23,TN_23_CV.pdf
23,TN_23_Portfolio.pdf
23,TN_23_Convention_stage.pdf
24,TN_24_Attestation_scolarite.pdf
24,TN_24_Convention_stage.pdf
25,TN_25_Portfolio.pdf
25,TN_25_Attestation_scolarite.pdf
26,TN_26_Convention_stage.pdf
27,TN_27_Carte_etudiant.pdf
27,TN_27_Convention_stage.pdf
28,TN_28_Convention_stage.pdf
28,TN_28_Portfolio.pdf
29,TN_29_Attestation_scolarite.pdf
29,TN_29_Portfolio.pdf
29,TN_29_CV.pdf
30,TN_30_Portfolio.pdf
30,TN_30_Convention_stage.pdf
30,TN_30_CV.pdf
31,TN_31_Convention_stage.pdf
31,TN_31_Portfolio.pdf
31,TN_31_CV.pdf
32,TN_32_Attestation_scolarite.pdf
32,TN_32_Portfolio.pdf
33,TN_33_Convention_stage.pdf
33,TN_33_Attestation_scolarite.pdf
33,TN_33_Carte_etudiant.pdf
34,TN_34_Convention_stage.pdf
34,TN_34_Portfolio.pdf
34,TN_34_CV.pdf
35,TN_35_Carte_etudiant.pdf
35,TN_35_Convention_stage.pdf
35,TN_35_Attestation_scolarite.pdf
36,TN_36_Attestation_scolarite.pdf
37,TN_37_Convention_stage.pdf
38,TN_38_Carte_etudiant.pdf
38,TN_38_Portfolio.pdf
38,TN_38_Attestation_scolarite.pdf
39,TN_39_Portfolio.pdf
39,TN_39_Attestation_scolarite.pdf
39,TN_39_Carte_etudiant.pdf
40,TN_40_CV.pdf
40,TN_40_Convention_stage.pdf
40,TN_40_Attestation_scolarite.pdf
41,TN_41_Attestation_scolarite.pdf
41,TN_41_Portfolio.pdf
42,TN_42_Attestation_scolarite.pdf
42,TN_42_Portfolio.pdf
43,TN_43_Portfolio.pdf
43,TN_43_Carte_etudiant.pdf
43,TN_43_CV.pdf
44,TN_44_Attestation_scolarite.pdf
44,TN_44_Portfolio.pdf
44,TN_44_CV.pdf
45,TN_45_Portfolio.pdf
46,TN_46_Carte_etudiant.pdf
47,TN_47_Attestation_scolarite.pdf
48,TN_48_Portfolio.pdf
48,TN_48_Carte_etudiant.pdf
49,TN_49_CV.pdf
50,TN_50_Portfolio.pdf
50,TN_50_CV.pdf
51,TN_51_CV.pdf
51,TN_51_Carte_etudiant.pdf
52,TN_52_CV.pdf
52,TN_52_Carte_etudiant.pdf
52,TN_52_Portfolio.pdf
53,TN_53_Portfolio.pdf
54,TN_54_Carte_etudiant.pdf
54,TN_54_Convention_stage.pdf
54,TN_54_CV.pdf
55,TN_55_Portfolio.pdf
56,TN_56_CV.pdf
57,TN_57_Portfolio.pdf
57,TN_57_Carte_etudiant.pdf
57,TN_57_Convention_stage.pdf
58,TN_58_Attestation_scolarite.pdf
58,TN_58_Carte_etudiant.pdf
58,TN_58_Convention_stage.pdf
59,TN_59_Carte_etudiant.pdf
59,TN_59_Attestation_scolarite.pdf
59,TN_59_Convention_stage.pdf
60,TN_60_Portfolio.pdf
60,TN_60_Carte_etudiant.pdf
61,TN_61_Attestation_scolarite.pdf
62,TN_62_Carte_etudiant.pdf
62,TN_62_CV.pdf
63,TN_63_Portfolio.pdf
64,TN_64_Attestation_scolarite.pdf
64,TN_64_Convention_stage.pdf
64,TN_64_CV.pdf
65,TN_65_CV.pdf
66,TN_66_Carte_etudiant.pdf
66,TN_66_Attestation_scolarite.pdf
66,TN_66_Portfolio.pdf
67,TN_67_Convention_stage.pdf
67,TN_67_Portfolio.pdf
68,TN_68_Attestation_scolarite.pdf
68,TN_68_Portfolio.pdf
69,TN_69_Convention_stage.pdf
69,TN_69_Portfolio.pdf
70,TN_70_CV.pdf
70,TN_70_Portfolio.pdf
70,TN_70_Convention_stage.pdf
71,TN_71_Portfolio.pdf
71,TN_71_Attestation_scolarite.pdf
71,TN_71_Convention_stage.pdf
72,TN_72_Attestation_scolarite.pdf
72,TN_72_CV.pdf
73,TN_73_Portfolio.pdf
73,TN_73_CV.pdf
74,TN_74_Carte_etudiant.pdf
75,TN_75_CV.pdf
75,TN_75_Attestation_scolarite.pdf
76,TN_76_Portfolio.pdf
77,TN_77_Convention_stage.pdf
77,TN_77_Portfolio.pdf
78,TN_78_Attestation_scolarite.pdf
78,TN_78_Carte_etudiant.pdf
79,TN_79_Convention_stage.pdf
79,TN_79_CV.pdf
79,TN_79_Portfolio.pdf
80,TN_80_Portfolio.pdf
80,TN_80_CV.pdf
80,TN_80_Carte_etudiant.pdf
81,TN_81_Attestation_scolarite.pdf
81,TN_81_Carte_etudiant.pdf
81,TN_81_CV.pdf
82,TN_82_Portfolio.pdf
83,TN_83_Convention_stage.pdf
83,TN_83_Portfolio.pdf
83,TN_83_CV.pdf
84,TN_84_Convention_stage.pdf
85,TN_85_CV.pdf
85,TN_85_Portfolio.pdf
85,TN_85_Convention_stage.pdf
86,TN_86_Convention_stage.pdf
87,TN_87_Portfolio.pdf
87,TN_87_CV.pdf
87,TN_87_Convention_stage.pdf
88,TN_88_CV.pdf
89,TN_89_Portfolio.pdf
89,TN_89_Convention_stage.pdf
90,TN_90_Carte_etudiant.pdf
90,TN_90_CV.pdf
91,TN_91_Convention_stage.pdf
91,TN_91_Carte_etudiant.pdf
91,TN_91_Attestation_scolarite.pdf
92,TN_92_Attestation_scolarite.pdf
92,TN_92_Portfolio.pdf
92,TN_92_Carte_etudiant.pdf
93,TN_93_Portfolio.pdf
94,TN_94_Convention_stage.pdf
94,TN_94_Portfolio.pdf
95,TN_95_Attestation_scolarite.pdf
96,TN_96_Carte_etudiant.pdf
97,TN_97_Carte_etudiant.pdf
97,TN_97_Convention_stage.pdf
97,TN_97_Attestation_scolarite.pdf
98,TN_98_Attestation_scolarite.pdf
98,TN_98_Convention_stage.pdf
98,TN_98_Portfolio.pdf
99,TN_99_CV.pdf
99,TN_99_Portfolio.pdf
100,TN_100_CV.pdf
101,TN_101_Carte_etudiant.pdf
101,TN_101_Convention_stage.pdf
102,TN_102_Attestation_scolarite.pdf
102,TN_102_Portfolio.pdf
102,TN_102_CV.pdf
103,TN_103_Convention_stage.pdf
103,TN_103_Portfolio.pdf
103,TN_103_Attestation_scolarite.pdf
104,TN_104_Convention_stage.pdf
104,TN_104_Portfolio.pdf
105,TN_105_Convention_stage.pdf
106,TN_106_Convention_stage.pdf
106,TN_106_Portfolio.pdf
106,TN_106_CV.pdf
107,TN_107_Convention_stage.pdf
107,TN_107_CV.pdf
107,TN_107_Attestation_scolarite.pdf
108,TN_108_Attestation_scolarite.pdf
108,TN_108_Portfolio.pdf
108,TN_108_Convention_stage.pdf
109,TN_109_Carte_etudiant.pdf
109,TN_109_Attestation_scolarite.pdf
110,TN_110_Convention_stage.pdf
110,TN_110_Attestation_scolarite.pdf
111,TN_111_Portfolio.pdf
111,TN_111_CV.pdf
111,TN_111_Attestation_scolarite.pdf
112,TN_112_Attestation_scolarite.pdf
112,TN_112_Carte_etudiant.pdf
112,TN_112_Convention_stage.pdf
113,TN_113_Convention_stage.pdf
113,TN_113_Portfolio.pdf
114,TN_114_CV.pdf
114,TN_114_Convention_stage.pdf
114,TN_114_Portfolio.pdf
115,TN_115_CV.pdf
116,TN_116_Portfolio.pdf
117,TN_117_Attestation_scolarite.pdf
117,TN_117_Portfolio.pdf
118,TN_118_Carte_etudiant.pdf
119,TN_119_Portfolio.pdf
120,TN_120_CV.pdf
121,TN_121_Portfolio.pdf
121,TN_121_Carte_etudiant.pdf
122,TN_122_Convention_stage.pdf
122,TN_122_Carte_etudiant.pdf
123,TN_123_Portfolio.pdf
123,TN_123_CV.pdf
123,TN_123_Convention_stage.pdf
124,TN_124_Convention_stage.pdf
124,TN_124_Carte_etudiant.pdf
125,TN_125_Attestation_scolarite.pdf
125,TN_125_Portfolio.pdf
125,TN_125_CV.pdf
126,TN_126_Portfolio.pdf
126,TN_126_Carte_etudiant.pdf
127,TN_127_Convention_stage.pdf
127,TN_127_Carte_etudiant.pdf
127,TN_127_Attestation_scolarite.pdf
128,TN_128_Carte_etudiant.pdf
128,TN_128_CV.pdf
128,TN_128_Attestation_scolarite.pdf
129,TN_129_Convention_stage.pdf
129,TN_129_Attestation_scolarite.pdf
129,TN_129_Carte_etudiant.pdf
130,TN_130_CV.pdf
131,TN_131_Carte_etudiant.pdf
132,TN_132_Convention_stage.pdf
132,TN_132_Carte_etudiant.pdf
133,TN_133_Portfolio.pdf
134,TN_134_CV.pdf
134,TN_134_Attestation_scolarite.pdf
135,TN_135_Convention_stage.pdf
135,TN_135_Carte_etudiant.pdf
135,TN_135_Portfolio.pdf
136,TN_136_Portfolio.pdf
136,TN_136_Attestation_scolarite.pdf
137,TN_137_CV.pdf
137,TN_137_Convention_stage.pdf
137,TN_137_Carte_etudiant.pdf
138,TN_138_Convention_stage.pdf
139,TN_139_Portfolio.pdf
140,TN_140_Carte_etudiant.pdf
140,TN_140_Portfolio.pdf
140,TN_140_CV.pdf
